id,email,encrypted_password,yourfoot_ID,nickname,introduction,admin_flg
1,admin@gmail.com,adminadmin,kanriyour,カンリさん,末永く,true
2,test2@gmail.com,111111,test2,たかはしん,よろしくお願いいたします！,false
3,test3@gmail.com,111111,test3,さとう,よろしくお願いいたします！,false
4,test4@gmail.com,111111,test4,どらえめん,よろしくお願いいたします！,false
5,test5@gmail.com,111111,test5,東京太郎,よろしくお願いいたします！,false
6,test6@gmail.com,111111,test6,逃げ水,よろしくお願いいたします！,false
7,test7@gmail.com,111111,test7,ハンドぼーーらー,よろしくお願いいたします！,false
8,test8@gmail.com,111111,test8,反則男,よろしくお願いいたします！,false
9,test9@gmail.com,111111,test9,ランカー,よろしくお願いいたします！,false
10,test10@gmail.com,111111,test10,UFCチャンピオン,よろしくお願いいたします！,false
11,test11@gmail.com,111111,test11,嘘子,よろしくお願いいたします！,false
12,test12@gmail.com,111111,test12,かねこ,よろしくお願いいたします！,false
13,test13@gmail.com,111111,test13,保田,よろしくお願いいたします！,false
14,test14@gmail.com,111111,test14,前田,よろしくお願いいたします！,false
15,test15@gmail.com,111111,test15,ちばゆ＾,よろしくお願いいたします！,false
16,test16@gmail.com,111111,test16,URくん,よろしくお願いいたします！,false
17,test17@gmail.com,111111,test17,前髪,よろしくお願いいたします！,false
18,test18@gmail.com,111111,test18,たばこ,よろしくお願いいたします！,false
19,test19@gmail.com,111111,test19,珈琲店,よろしくお願いいたします！,false
20,test20@gmail.com,111111,test20,かむかむ,よろしくお願いいたします！,false
21,test21@gmail.com,111111,test21,ブランディング屋,よろしくお願いいたします！,false
22,test22@gmail.com,111111,test22,りもこーーん,よろしくお願いいたします！,false
23,test23@gmail.com,111111,test23,ぷりっつ,よろしくお願いいたします！,false
24,test24@gmail.com,111111,test24,ぼらちゃん,よろしくお願いいたします！,false
25,test25@gmail.com,111111,test25,かうるし,よろしくお願いいたします！,false
26,test26@gmail.com,111111,test26,ものたろ,よろしくお願いいたします！,false
27,test27@gmail.com,111111,test27,しろばん,よろしくお願いいたします！,false
28,test28@gmail.com,111111,test28,くろばん,よろしくお願いいたします！,false
29,test29@gmail.com,111111,test29,マーカー,よろしくお願いいたします！,false
30,test30@gmail.com,111111,test30,赤,よろしくお願いいたします！,false
31,test31@gmail.com,111111,test31,からの,よろしくお願いいたします！,false
32,test32@gmail.com,111111,test32,みたらし,よろしくお願いいたします！,false
33,test33@gmail.com,111111,test33,えええ,よろしくお願いいたします！,false
34,test34@gmail.com,111111,test34,こまたに,よろしくお願いいたします！,false
35,test35@gmail.com,111111,test35,こじま,よろしくお願いいたします！,false
36,test36@gmail.com,111111,test36,おおしま,よろしくお願いいたします！,false
37,test37@gmail.com,111111,test37,こじま,よろしくお願いいたします！,false
38,test38@gmail.com,111111,test38,みやざわ,よろしくお願いいたします！,false
39,test39@gmail.com,111111,test39,あきもと,よろしくお願いいたします！,false
40,test40@gmail.com,111111,test40,こばやし,よろしくお願いいたします！,false
41,test41@gmail.com,111111,test41,ますだ,よろしくお願いいたします！,false
42,test42@gmail.com,111111,test42,はやの,よろしくお願いいたします！,false
43,test43@gmail.com,111111,test43,たかだ,よろしくお願いいたします！,false
44,test44@gmail.com,111111,test44,いまい,よろしくお願いいたします！,false
45,test45@gmail.com,111111,test45,うえの,よろしくお願いいたします！,false
46,test46@gmail.com,111111,test46,きつね,よろしくお願いいたします！,false
47,test47@gmail.com,111111,test47,ねこ,よろしくお願いいたします！,false
48,test48@gmail.com,111111,test48,こぶた,よろしくお願いいたします！,false
49,test49@gmail.com,111111,test49,たぬき,よろしくお願いいたします！,false
50,test50@gmail.com,111111,test50,からす,よろしくお願いいたします！,false
51,test51@gmail.com,111111,test51,すいか,よろしくお願いいたします！,false
52,test52@gmail.com,111111,test52,刀,よろしくお願いいたします！,false
53,test53@gmail.com,111111,test53,ナイフ,よろしくお願いいたします！,false
54,test54@gmail.com,111111,test54,プリン,よろしくお願いいたします！,false
55,test55@gmail.com,111111,test55,フクロウ,よろしくお願いいたします！,false
56,test56@gmail.com,111111,test56,うずら,よろしくお願いいたします！,false
57,test57@gmail.com,111111,test57,ライオン,よろしくお願いいたします！,false
58,test58@gmail.com,111111,test58,ラヂオ,よろしくお願いいたします！,false
59,test59@gmail.com,111111,test59,おっさん,よろしくお願いいたします！,false
60,test60@gmail.com,111111,test60,大阪マン,よろしくお願いいたします！,false
61,test61@gmail.com,111111,test61,５５１,よろしくお願いいたします！,false
62,test62@gmail.com,111111,test62,おいしい,よろしくお願いいたします！,false
63,test63@gmail.com,111111,test63,すめらー,よろしくお願いいたします！,false
64,test64@gmail.com,111111,test64,新幹線,よろしくお願いいたします！,false
65,test65@gmail.com,111111,test65,あけないで,よろしくお願いいたします！,false
66,test66@gmail.com,111111,test66,すらっく,よろしくお願いいたします！,false
67,test67@gmail.com,111111,test67,えくせるう,よろしくお願いいたします！,false
68,test68@gmail.com,111111,test68,シハライ,よろしくお願いいたします！,false
69,test69@gmail.com,111111,test69,ますくん,よろしくお願いいたします！,false
70,test70@gmail.com,111111,test70,しがれっと,よろしくお願いいたします！,false
71,test71@gmail.com,111111,test71,あべ,よろしくお願いいたします！,false
72,test72@gmail.com,111111,test72,すが,よろしくお願いいたします！,false
73,test73@gmail.com,111111,test73,れんほう,よろしくお願いいたします！,false
74,test74@gmail.com,111111,test74,えだの,よろしくお願いいたします！,false
75,test75@gmail.com,111111,test75,あそう,よろしくお願いいたします！,false
76,test76@gmail.com,111111,test76,とらんぷ,よろしくお願いいたします！,false
77,test77@gmail.com,111111,test77,ばいでん,よろしくお願いいたします！,false
78,test78@gmail.com,111111,test78,しゅう,よろしくお願いいたします！,false
79,test79@gmail.com,111111,test79,ぐっぐる,よろしくお願いいたします！,false
80,test80@gmail.com,111111,test80,やっふ,よろしくお願いいたします！,false
81,test81@gmail.com,111111,test81,ねっば,よろしくお願いいたします！,false
82,test82@gmail.com,111111,test82,ナットウキナーゼ,よろしくお願いいたします！,false
83,test83@gmail.com,111111,test83,もうすぐ,よろしくお願いいたします！,false
84,test84@gmail.com,111111,test84,１００人,よろしくお願いいたします！,false
85,test85@gmail.com,111111,test85,いなば,よろしくお願いいたします！,false
86,test86@gmail.com,111111,test86,ジャンプ,よろしくお願いいたします！,false
87,test87@gmail.com,111111,test87,北海道,よろしくお願いいたします！,false
88,test88@gmail.com,111111,test88,ススキーノ,よろしくお願いいたします！,false
89,test89@gmail.com,111111,test89,フェノメノ,よろしくお願いいたします！,false
90,test90@gmail.com,111111,test90,そくらてす,よろしくお願いいたします！,false
91,test91@gmail.com,111111,test91,ロナウド,よろしくお願いいたします！,false
92,test92@gmail.com,111111,test92,カカ,よろしくお願いいたします！,false
93,test93@gmail.com,111111,test93,ロナウジーニョ,よろしくお願いいたします！,false
94,test94@gmail.com,111111,test94,アドリアーノ,よろしくお願いいたします！,false
95,test95@gmail.com,111111,test95,アリソン,よろしくお願いいたします！,false
96,test96@gmail.com,111111,test96,ルシオ,よろしくお願いいたします！,false
97,test97@gmail.com,111111,test97,ダビドルイス,よろしくお願いいたします！,false
98,test98@gmail.com,111111,test98,チアゴシウバ,よろしくお願いいたします！,false
99,test99@gmail.com,111111,test99,カフー,よろしくお願いいたします！,false
100,test100@gmail.com,111111,test100,シシーニョ,よろしくお願いいたします！,false
,,,,,,
,,,,,,
,,,,,,
,,,,,,
,,,,,,
,,,,,,
,,,,,,
,,,,,,
,,,,,,
,,,,,,
,,,,,,
,,,,,,
,,,,,,
,,,,,,
,,,,,,
,,,,,,
,,,,,,
,,,,,,
,,,,,,
,,,,,,
,,,,,,
,,,,,,
,,,,,,
,,,,,,
,,,,,,
,,,,,,
,,,,,,
,,,,,,
,,,,,,
,,,,,,
,,,,,,
,,,,,,
,,,,,,
,,,,,,
,,,,,,
,,,,,,
,,,,,,
,,,,,,
,,,,,,
,,,,,,
,,,,,,
,,,,,,
,,,,,,
,,,,,,
,,,,,,
,,,,,,
,,,,,,
,,,,,,
,,,,,,
,,,,,,
,,,,,,
,,,,,,
,,,,,,
,,,,,,
,,,,,,
,,,,,,
,,,,,,
,,,,,,
,,,,,,
,,,,,,
,,,,,,
,,,,,,
,,,,,,
,,,,,,
,,,,,,
,,,,,,
,,,,,,
,,,,,,
,,,,,,
,,,,,,
,,,,,,
,,,,,,
,,,,,,
,,,,,,
,,,,,,
,,,,,,
,,,,,,
,,,,,,
,,,,,,
,,,,,,
,,,,,,
,,,,,,
,,,,,,
,,,,,,
,,,,,,
,,,,,,
,,,,,,
,,,,,,
,,,,,,
,,,,,,
,,,,,,
,,,,,,
,,,,,,
,,,,,,
,,,,,,
,,,,,,
,,,,,,
,,,,,,
,,,,,,
,,,,,,
,,,,,,
,,,,,,
,,,,,,
,,,,,,
,,,,,,
,,,,,,
,,,,,,
,,,,,,
,,,,,,
,,,,,,
,,,,,,
,,,,,,
,,,,,,
,,,,,,
,,,,,,
,,,,,,
,,,,,,
,,,,,,
,,,,,,
,,,,,,
